parameter,mean,sd,hdi_2.5%,hdi_97.5%,mcse_mean,ess_bulk,ess_tail,r_hat,warning
alpha,0.6512663385708788,0.05744282677141595,0.5285965098029136,0.7447703575831617,,,,,
kappa,0.053578550669708444,0.03575302653003728,-0.0037238585093533833,0.12959326494146423,,,,,
phi_1,0.9534817513966308,0.02525022279050723,0.9106074481394095,0.9988517123653335,,,,,
lambda_ez,0.03259900862673427,0.09953226223000927,-0.14726442228780376,0.1966289333929037,,,,,
rho,0.028435158821009544,0.08692685849436146,-0.13721886132454678,0.16899217998097477,,,,,
sigma_e,0.6626291626588772,0.052953686050033054,0.5811444445352784,0.756898542276557,,,,,
sigma_zeta,0.5925505191626966,0.03153938287574755,0.5466880396183373,0.6637154175453308,,,,,
