parameter,mean,sd,hdi_2.5%,hdi_97.5%,mcse_mean,ess_bulk,ess_tail,r_hat,warning
alpha,0.6394935081011621,0.05227698792229532,0.5380375299616754,0.7420861047012839,,,,,
kappa,0.006727227891079419,0.11465180565958309,-0.2170562420467619,0.22833437198069473,,,,,
phi_1,0.6643725457825437,0.06776272881261683,0.5298952618442208,0.800348765636538,,,,,
lambda_ez,-0.019179638538188885,0.1609063705415972,-0.34289740229548366,0.3011714709499187,,,,,
rho,-0.014094688090188389,0.11798142213330165,-0.25007550608692414,0.22077564950612172,,,,,
sigma_e,0.6739679371611993,0.043740034508906504,0.5944340882672123,0.7628816378585345,,,,,
sigma_zeta,0.5001896715245199,0.03208581073703286,0.44173180544333324,0.5693243171002399,,,,,
