parameter,mean,sd,hdi_2.5%,hdi_97.5%,mcse_mean,ess_bulk,ess_tail,r_hat,warning
alpha,0.6288040715110618,0.05342607153905612,0.5227292671463332,0.7361308435670721,,,,,
kappa,0.06273216787082048,0.048536837296383764,0.0019467905414505466,0.18337734996536498,,,,,
phi_1,0.6316335463556496,0.06751128459472529,0.49845177194645235,0.7634205780199113,,,,,
lambda_ez,-0.058675088620664326,0.08294699161500751,-0.2288731307263497,0.09847440445815074,,,,,
rho,-0.07435429206847721,0.1044680409470815,-0.2825420497992515,0.12276295715677152,,,,,
sigma_e,0.6765659149034127,0.04342057532520815,0.5953107700010539,0.7664597805506981,,,,,
sigma_zeta,0.8665892016970389,0.056982099054031836,0.7619814888958983,0.9853759112222967,,,,,
