parameter,mean,sd,hdi_2.5%,hdi_97.5%,mcse_mean,ess_bulk,ess_tail,r_hat,warning
alpha,0.6715205529317859,0.05301732146715937,0.5644356208586141,0.776387973793867,,,,,
kappa,0.14045342990361617,0.044222608065435945,0.05218480885597522,0.2274281463565052,,,,,
phi_1,0.8961171789148747,0.03782890111336382,0.8213325557446362,0.9723827458794987,,,,,
lambda_ez,0.13116209786399324,0.11536625085855617,-0.09270040053955192,0.3579867418184704,,,,,
rho,0.12002886323874704,0.1041279954699898,-0.08772947517468926,0.3200403040926488,,,,,
sigma_e,0.6363154916586032,0.04092559114851506,0.5635448248703122,0.723300734103695,,,,,
sigma_zeta,0.5864712351463406,0.03748012750170895,0.5200590084443955,0.6673172058295402,,,,,
