parameter,mean,sd,hdi_2.5%,hdi_97.5%,mcse_mean,ess_bulk,ess_tail,r_hat,warning
alpha,0.6400678950317326,0.05400269338474416,0.5363178682566423,0.747132589252539,0.0009546417673672626,3200.0,3200.0,1.0001617383401795,
kappa,-0.008144742216595866,0.08249739653617683,-0.1684975849254133,0.150315080628844,0.0015833237071601264,2714.8201092443546,2672.8808113875307,0.9997036652989155,
phi_1,0.6319559416468237,0.06858392158572515,0.49781849050887883,0.7679106659956529,0.0012124039008408172,3200.0,3200.0,0.9998453824472429,
lambda_ez,0.009918434470905386,0.10624592678576984,-0.20230766340625675,0.21775492794880913,0.0020241947338224086,2754.9898119312165,3026.6693910107238,0.9996877117107242,
rho,0.012602366392262141,0.13404165419836006,-0.25415739680321126,0.27555807272114435,0.0025377007028441526,2789.965016455304,3020.903868309098,0.9996898099431366,
sigma_e,0.6758657174338845,0.044390829634783247,0.5958038658876884,0.7685752923783893,0.0008087503741905178,3012.711424300288,3002.8866673473062,0.9999409451351716,
sigma_zeta,0.868051288980707,0.0556878712364157,0.7665415104518193,0.9883731013325373,0.0010860641829536723,2629.119039479937,2751.843137923596,0.99976632369193,
