parameter,mean,sd,hdi_2.5%,hdi_97.5%,mcse_mean,ess_bulk,ess_tail,r_hat,warning
alpha,0.6210688584097552,0.04043990058704652,0.5399624650743475,0.6777774890920218,,,,,
kappa,0.0627082174705177,0.03714902252542924,-0.006433916505772362,0.12355140978472284,,,,,
phi_1,0.9286961512622044,0.023695144623515872,0.8877558913509402,0.9726108834354457,,,,,
lambda_ez,0.02883686227154918,0.08778870051235797,-0.11828233368823629,0.2035722692043158,,,,,
rho,0.026436839408035113,0.07600892925893793,-0.09918713915621058,0.179499960550176,,,,,
sigma_e,0.6657515387303133,0.0476364844468421,0.5873790263929964,0.7552585781694118,,,,,
sigma_zeta,0.5943935576622664,0.03435723739375623,0.5458660601429288,0.6617719617397305,,,,,
