run,model,kappa_mean,kappa_ci_2.5,kappa_ci_97.5,kappa_0_mean,kappa_0_ci_2.5,kappa_0_ci_97.5,delta_mean,delta_ci_2.5,delta_ci_97.5,kappa_t_overall_mean,kappa_t_start_mean,kappa_t_end_mean
ces_output_gap_bn_baseline_20260622_131732,ces,0.06227667458106645,-0.005924679878595865,0.1763827356136615,,,,,,,,,
hsa_dynamic_output_gap_bn_baseline_20260622_131735,hsa_dynamic,0.08121150220326542,-0.0036598290783490315,0.15032842600419924,,,,,,,,,
hsa_full_output_gap_bn_baseline_20260622_131737,hsa_full,,,,0.24757691913077357,-0.03924071823703064,0.5474474790341604,-0.0009645121901654174,-0.002309143664778376,0.000511656948244175,0.04929295438404035,0.0530563701200145,0.07448275958303145
hsa_steady_output_gap_bn_baseline_20260622_131733,hsa_steady,,,,0.1364361197042062,-0.2434797849121711,0.4294515073711298,-0.0004144635393631503,-0.0017417970200029195,0.0016271055068464348,0.05419986157664261,0.052232295517028106,0.05665740725220457
hsa_steady_output_gap_bn_baseline_20260622_132042,hsa_steady,,,,0.1364361197042062,-0.2434797849121711,0.4294515073711298,-0.0004144635393631503,-0.0017417970200029195,0.0016271055068464348,0.05419986157664261,0.052232295517028106,0.05665740725220457
hsa_steady_output_gap_bn_tight_20260622_132047,hsa_steady,,,,0.13855283238680402,-0.09292488195267955,0.3230335042771998,-0.0005235499789184595,-0.0019740789096760456,0.000895763162148828,0.031016330436147627,0.03215476604408474,0.045117667530834446
hsa_steady_output_gap_bn_weak_20260622_132044,hsa_steady,,,,0.3115006383168318,-0.3882988896694281,1.070057990556687,-0.0013103198917123527,-0.00539728489263916,0.002778227433574813,0.060845235895939376,0.04493176013697371,0.07704654191906321
