run,model,kappa_mean,kappa_ci_2.5,kappa_ci_97.5,kappa_0_mean,kappa_0_ci_2.5,kappa_0_ci_97.5,delta_mean,delta_ci_2.5,delta_ci_97.5,kappa_t_overall_mean,kappa_t_start_mean,kappa_t_end_mean
ces_inv_markup_baseline_20260622_131545,ces,0.011648962549321715,-0.2051382524731305,0.30179018459993434,,,,,,,,,
hsa_dynamic_inv_markup_baseline_20260622_131549,hsa_dynamic,0.030089904459993915,-0.21273752513600713,0.30237212797208435,,,,,,,,,
hsa_full_inv_markup_baseline_20260622_131551,hsa_full,,,,0.09608962534626068,-0.20902886044670915,0.40470202056618154,-0.00044363277601811284,-0.00276892296639254,0.001273702213602426,0.004900152176832234,0.006620355451639498,0.016309043340111174
hsa_steady_inv_markup_baseline_20260622_131547,hsa_steady,,,,0.10081138637389486,-0.18776888829710445,0.4623127137714925,-0.0006403515829263024,-0.0027943633081006173,0.0021221124318341928,-0.029004167874245687,-0.02941186631025331,-0.02861198670579156
hsa_steady_inv_markup_baseline_20260622_132032,hsa_steady,,,,0.10081138637389486,-0.18776888829710445,0.4623127137714925,-0.0006403515829263024,-0.0027943633081006173,0.0021221124318341928,-0.029004167874245687,-0.02941186631025331,-0.02861198670579156
hsa_steady_inv_markup_tight_20260622_132037,hsa_steady,,,,0.09957450694529173,-0.13443734645212546,0.28680247585026863,-0.0008008893854885249,-0.0022578551335782314,0.0004517570347228602,-0.06494719035393054,-0.06283354653034158,-0.04329286823609158
hsa_steady_inv_markup_weak_20260622_132035,hsa_steady,,,,0.2063437157982572,-0.7736274428606137,1.3391613994257139,-0.0009140924760117471,-0.006598222900901659,0.004077090282612756,0.03152242158086169,0.02171233694684862,0.04108264167102719
