run,model,kappa_mean,kappa_ci_2.5,kappa_ci_97.5,kappa_0_mean,kappa_0_ci_2.5,kappa_0_ci_97.5,delta_mean,delta_ci_2.5,delta_ci_97.5,kappa_t_overall_mean,kappa_t_start_mean,kappa_t_end_mean
ces_unemployment_gap_baseline_20260622_131739,ces,0.057728926018441394,0.006260536958697029,0.13981513409328578,,,,,,,,,
hsa_dynamic_unemployment_gap_baseline_20260622_131740,hsa_dynamic,0.09426693525484546,0.044285269398497654,0.15987018744601375,,,,,,,,,
hsa_full_unemployment_gap_baseline_20260622_131742,hsa_full,,,,-0.05913043581908197,-0.36977343276872343,0.217315249804289,0.0006010648016045043,-0.0008289493458037426,0.0026223536223891736,0.06444843711610947,0.06203540550966071,0.04846910696287361
hsa_steady_unemployment_gap_baseline_20260622_131739,hsa_steady,,,,0.07574055837183429,-0.36729841383541106,0.36646623893862007,-5.6308932395560354e-05,-0.0016572990900074662,0.0021052168184222016,0.06362487114389379,0.06376728187486927,0.06286205262756048
hsa_steady_unemployment_gap_baseline_20260622_132052,hsa_steady,,,,0.07574055837183429,-0.36729841383541106,0.36646623893862007,-5.6308932395560354e-05,-0.0016572990900074662,0.0021052168184222016,0.06362487114389379,0.06376728187486927,0.06286205262756048
hsa_steady_unemployment_gap_tight_20260622_132056,hsa_steady,,,,0.04593501040083546,-0.13598966944852292,0.2704983099287129,5.244568861327917e-05,-0.0009158163291038185,0.0008656963429091341,0.05670129575966502,0.056367687643122076,0.05522571846929342
hsa_steady_unemployment_gap_weak_20260622_132053,hsa_steady,,,,-0.6887270575484884,-1.171288580171247,-0.18011651509573046,0.004147957729461969,0.001455933700922164,0.0066370969116770605,0.08755957684777513,0.1564385919980151,0.016491362491438365
