run,model,data_spec,prior_spec,constraint_spec,n_transform,kappa_mean,kappa_ci_2.5,kappa_ci_97.5,kappa_0_mean,kappa_0_ci_2.5,kappa_0_ci_97.5,delta_mean,delta_ci_2.5,delta_ci_97.5,kappa_t_overall_mean,kappa_t_start_mean,kappa_t_end_mean
ces_labor_share_gap_hp_baseline_20260623_110156,ces,labor_share_gap_hp,baseline,unrestricted,log100_centered10,-0.008144742216595866,-0.1684975849254133,0.150315080628844,,,,,,,,,
ces_labor_share_gap_hp_baseline_restricted_kappa_20260623_112156,ces,labor_share_gap_hp,baseline,restricted_kappa,log100_centered10,0.06273216787082048,0.0019467905414505466,0.18337734996536498,,,,,,,,,
hsa_dynamic_labor_share_gap_hp_baseline_20260623_110526,hsa_dynamic,labor_share_gap_hp,baseline,unrestricted,log100_centered10,-0.003993475814283979,-0.16293731950119986,0.15574399801385483,,,,,,,,,
hsa_dynamic_labor_share_gap_hp_baseline_restricted_kappa_20260623_112522,hsa_dynamic,labor_share_gap_hp,baseline,restricted_kappa,log100_centered10,0.06433099512837182,0.0021097540392582444,0.18402471501043374,,,,,,,,,
hsa_full_labor_share_gap_hp_baseline_20260623_110901,hsa_full,labor_share_gap_hp,baseline,unrestricted,log100_centered10,,,,-0.002926819452816327,-0.1645576570229638,0.16363453228272892,0.00898595499932799,-0.02661411196261599,0.044495664323716724,-0.004814103662618697,-0.018638020960903365,-0.021140611199935225
hsa_full_labor_share_gap_hp_baseline_restricted_kappa_20260623_112854,hsa_full,labor_share_gap_hp,baseline,restricted_kappa,log100_centered10,,,,-0.002926819452816327,-0.1645576570229638,0.16363453228272892,0.00898595499932799,-0.02661411196261599,0.044495664323716724,-0.004814103662618697,-0.018638020960903365,-0.021140611199935225
hsa_steady_labor_share_gap_hp_baseline_20260623_110157,hsa_steady,labor_share_gap_hp,baseline,unrestricted,log100_centered10,,,,-0.005810197263696932,-0.17271070531934202,0.15733401507644273,0.01564281844357553,-0.020412416177243223,0.049964547915125605,-0.006212376792568967,-0.005391910046430066,-0.047967516327314906
hsa_steady_labor_share_gap_hp_baseline_restricted_kappa_20260623_112158,hsa_steady,labor_share_gap_hp,baseline,restricted_kappa,log100_centered10,,,,-0.005810197263696932,-0.17271070531934202,0.15733401507644273,0.01564281844357553,-0.020412416177243223,0.049964547915125605,-0.006212376792568967,-0.005391910046430066,-0.047967516327314906
