parameter,mean,sd,hdi_2.5%,hdi_97.5%,mcse_mean,ess_bulk,ess_tail,r_hat,warning
alpha,0.6347015286391481,0.051953896427422055,0.5332907338724927,0.7373239187777538,,,,,
kappa,0.09235056877766588,0.07057812894947792,0.004013533188700571,0.2627324025581716,,,,,
phi_1,0.6620929309415999,0.0680044052797051,0.5276650035874862,0.7939729127928468,,,,,
lambda_ez,-0.09590652495551975,0.13510747573383886,-0.3765037872939462,0.16828373767470017,,,,,
rho,-0.07018238028473506,0.09785554787503767,-0.2656950908109511,0.12146515025805327,,,,,
sigma_e,0.6752773196324025,0.044022286351439746,0.5937908625038019,0.7670634965801061,,,,,
sigma_zeta,0.49958456509576993,0.03198390029207765,0.44264681243569065,0.5683589310090871,,,,,
